Row,covar1,covar2
ID009_3,0.814723686393179,63.2359246225409
ID013_2,0.905791937075619,9.75404049994095
ID029_2,0.126986816293506,27.8498218867048
ID035_3,0.913375856139019,54.6881519204984
description,"covar 1 is testi","covar 2 is cles"
